N,NOM,PRENOMS,CODE_ETUDIANT,niveau,FORMATION,DATE_INSCRIPTION,MONTANT_global,ANNEE_ACADEMIQUE,MOYENNE_GENERALE,ASSIDUITE
1,TOURE,Mamadou,E20210001,L1,Comptabilité et Gestion,2021-06-11,225000,2021-2022,13.24,89.66
2,SALL,Aminata,E20210002,L1,Comptabilité Gestion,2021-05-16,200000,2021-2022,11.65,77.4
3,KANE,Aissatou,E20210003,L1,Comptabilité Gestion,2021-10-26,200000,2021-2022,13.62,80.86
4,SENE,Rokhaya,E20210004,L1,Comptabilité Gestion,2021-09-10,200000,2021-2022,15.81,92.67
5,SENE,Aminata,E20210005,L1,Gestion des entreprises,2021-12-15,200000,2021-2022,11.41,87.89
6,GUEYE,Aissatou,E20210006,L1,Gestion des entreprises,2021-11-02,200000,2021-2022,11.41,85.87
7,DIENG,Fatou,E20210007,L1,Commerce International,2021-12-15,200000,2021-2022,15.95,90.45
8,FALL,Moussa,E20210008,L1,Comptabilité et Gestion,2021-05-31,225000,2021-2022,13.92,74.74
9,DIOP,Khadija,E20210009,L1,Transport Logistique,2021-09-14,150000,2021-2022,10.83,85.23
10,DIALLO,Rokhaya,E20210010,L1,Comptabilité Gestion,2021-11-08,200000,2021-2022,13.36,74.59
11,DIENG,Rokhaya,E20210011,L1,Transport Logistique,2021-01-01,150000,2021-2022,10.84,84.66
12,NDIAYE,Omar,E20210012,L1,Commerce International,2021-06-07,200000,2021-2022,10.84,71.74
13,NDIAYE,Cheikh,E20210013,L1,Comptabilité,2021-02-05,200000,2021-2022,12.6,73.85
14,DIENG,Aminata,E20210014,L1,Hotellerie et Restauration,2021-05-16,225000,2021-2022,8.0,98.93
15,DIENG,Ibrahima,E20210015,L1,Comptabilité,2021-06-09,200000,2021-2022,8.0,99.85
16,FALL,Cheikh,E20210016,L1,Transport Logistique,2021-09-22,150000,2021-2022,10.59,73.63
17,TOURE,Moussa,E20210017,L1,Comptabilité,2021-06-23,200000,2021-2022,9.47,87.65
18,KANE,Ibrahima,E20210018,L1,Douane transit,2021-01-04,125000,2021-2022,12.79,91.24
19,TOURE,Moussa,E20210019,L1,Hotellerie et Restauration,2021-01-17,225000,2021-2022,9.73,72.13
20,TOURE,Khadija,E20210020,L1,Gestion des entreprises,2021-12-09,200000,2021-2022,8.47,76.43
21,SENE,Mamadou,E20210021,L1,Comptabilité,2021-10-23,200000,2021-2022,15.66,77.29
22,SALL,Aissatou,E20210022,L1,Hotellerie et Restauration,2021-04-08,225000,2021-2022,11.44,72.91
23,FALL,Aissatou,E20210023,L1,Douane transit,2021-07-30,125000,2021-2022,12.17,95.92
24,DIOP,Moussa,E20210024,L1,Gestion des entreprises,2021-02-01,200000,2021-2022,8.44,91.85
25,NDIAYE,Ibrahima,E20210025,L1,Hotellerie et Restauration,2021-04-09,225000,2021-2022,10.64,86.09
26,GUEYE,Aminata,E20210026,L1,Comptabilité et Gestion,2021-05-23,225000,2021-2022,12.28,77.49
27,NDIAYE,Cheikh,E20210027,L1,Gestion des entreprises,2021-10-09,200000,2021-2022,9.12,71.52
28,NDIAYE,Ibrahima,E20210028,L1,Commerce International,2021-03-27,200000,2021-2022,12.94,84.57
29,TOURE,Aissatou,E20210029,L1,Douane transit,2021-01-31,125000,2021-2022,10.5,81.37
30,DIALLO,Cheikh,E20210030,L1,Comptabilité Gestion,2021-05-27,200000,2021-2022,11.27,90.9
31,DIENG,Cheikh,E20210031,L1,Hotellerie et Restauration,2021-03-21,225000,2021-2022,10.5,78.9
32,KANE,Rokhaya,E20210032,L1,Douane transit,2021-02-01,125000,2021-2022,16.63,71.71
33,KANE,Cheikh,E20210033,L1,Douane transit,2021-09-15,125000,2021-2022,11.97,71.71
34,SENE,Moussa,E20210034,L1,Douane transit,2021-11-01,125000,2021-2022,9.36,90.26
35,GUEYE,Moussa,E20210035,L1,Transport Logistique,2021-10-19,150000,2021-2022,14.06,87.37
36,KANE,Moussa,E20210036,L1,Comptabilité,2021-08-03,200000,2021-2022,8.95,98.04
37,TOURE,Omar,E20210037,L1,Hotellerie et Restauration,2021-05-03,225000,2021-2022,12.52,81.87
38,DIALLO,Cheikh,E20210038,L1,Transport Logistique,2021-06-11,150000,2021-2022,8.0,70.28
39,NDIAYE,Rokhaya,E20210039,L1,Douane transit,2021-04-20,125000,2021-2022,8.68,73.97
40,FALL,Moussa,E20210040,L1,Transport Logistique,2021-05-06,150000,2021-2022,12.49,78.55
41,SALL,Rokhaya,E20210041,L1,Douane transit,2021-12-27,125000,2021-2022,13.85,88.35
42,DIENG,Fatou,E20210042,L1,Douane transit,2021-12-08,125000,2021-2022,12.43,97.95
43,NDIAYE,Aminata,E20210043,L1,Transport Logistique,2021-05-16,150000,2021-2022,11.71,96.69
44,DIALLO,Khadija,E20210044,L1,Comptabilité Gestion,2021-11-06,200000,2021-2022,11.25,91.53
45,DIALLO,Rokhaya,E20210045,L1,Comptabilité et Gestion,2021-09-08,225000,2021-2022,8.3,97.16
46,DIOP,Moussa,E20210046,L1,Comptabilité,2021-11-21,200000,2021-2022,10.2,94.88
47,DIOP,Fatou,E20210047,L1,Commerce International,2021-06-20,200000,2021-2022,10.85,89.11
48,SENE,Cheikh,E20210048,L1,Gestion des entreprises,2021-10-10,200000,2021-2022,14.64,86.83
49,NDIAYE,Moussa,E20210049,L1,Hotellerie et Restauration,2021-12-20,225000,2021-2022,12.86,86.37
50,KANE,Rokhaya,E20210050,L1,Douane transit,2021-03-17,125000,2021-2022,8.0,73.82
51,DIALLO,Omar,E20210051,L1,Commerce International,2021-01-21,200000,2021-2022,12.81,76.3
52,TOURE,Moussa,E20210052,L1,Transport Logistique,2021-07-01,150000,2021-2022,11.04,99.22
53,SENE,Ibrahima,E20210053,L1,Douane transit,2021-03-25,125000,2021-2022,10.31,96.44
54,SENE,Omar,E20210054,L1,Comptabilité et Gestion,2021-07-30,225000,2021-2022,13.53,78.0
55,GUEYE,Fatou,E20210055,L1,Transport Logistique,2021-08-29,150000,2021-2022,14.58,75.99
56,FALL,Khadija,E20210056,L1,Comptabilité Gestion,2021-04-27,200000,2021-2022,14.33,70.71
57,GUEYE,Omar,E20210057,L1,Gestion des entreprises,2021-05-23,200000,2021-2022,9.9,99.01
58,FALL,Rokhaya,E20210058,L1,Commerce International,2021-07-24,200000,2021-2022,11.23,98.18
59,NDIAYE,Khadija,E20210059,L1,Commerce International,2021-04-02,200000,2021-2022,12.83,71.15
60,KANE,Aissatou,E20210060,L1,Transport Logistique,2021-06-26,150000,2021-2022,14.44,83.09
61,DIENG,Moussa,E20210061,L1,Comptabilité,2021-07-17,200000,2021-2022,10.8,77.64
62,DIOP,Rokhaya,E20210062,L1,Transport Logistique,2021-10-03,150000,2021-2022,11.54,80.93
63,FALL,Mamadou,E20210063,L1,Commerce International,2021-06-10,200000,2021-2022,9.23,91.59
64,DIENG,Khadija,E20210064,L1,Comptabilité et Gestion,2021-12-08,225000,2021-2022,9.01,79.79
65,DIALLO,Rokhaya,E20210065,L1,Douane transit,2021-03-07,125000,2021-2022,14.03,82.61
66,SENE,Mamadou,E20210066,L1,Hotellerie et Restauration,2021-10-19,225000,2021-2022,15.39,82.18
67,DIOP,Khadija,E20210067,L1,Transport Logistique,2021-05-27,150000,2021-2022,11.82,82.9
68,SALL,Cheikh,E20210068,L1,Commerce International,2021-08-15,200000,2021-2022,14.51,85.34
69,NDIAYE,Khadija,E20210069,L1,Gestion des entreprises,2021-09-21,200000,2021-2022,12.9,72.8
70,TOURE,Khadija,E20210070,L1,Comptabilité Gestion,2021-04-26,200000,2021-2022,10.39,74.42
71,TOURE,Cheikh,E20210071,L1,Gestion des entreprises,2021-11-09,200000,2021-2022,12.9,83.66
72,GUEYE,Cheikh,E20210072,L1,Comptabilité,2021-07-24,200000,2021-2022,15.85,74.43
73,NDIAYE,Aissatou,E20210073,L1,Gestion des entreprises,2021-04-23,200000,2021-2022,11.91,94.12
74,DIOP,Rokhaya,E20210074,L1,Gestion des entreprises,2021-05-08,200000,2021-2022,15.91,83.69
75,DIENG,Rokhaya,E20210075,L1,Comptabilité et Gestion,2021-11-01,225000,2021-2022,8.0,98.5
76,SALL,Mamadou,E20210076,L1,Hotellerie et Restauration,2021-09-16,225000,2021-2022,14.05,94.92
77,DIENG,Cheikh,E20210077,L1,Comptabilité Gestion,2021-03-23,200000,2021-2022,12.22,83.5
78,TOURE,Khadija,E20210078,L1,Gestion des entreprises,2021-09-24,200000,2021-2022,11.25,88.8
79,DIALLO,Cheikh,E20210079,L1,Gestion des entreprises,2021-02-09,200000,2021-2022,12.23,77.03
80,FALL,Omar,E20210080,L1,Commerce International,2021-10-04,200000,2021-2022,8.0,74.15
81,GUEYE,Aminata,E20210081,L1,Commerce International,2021-12-28,200000,2021-2022,11.45,71.93
82,FALL,Rokhaya,E20210082,L1,Commerce International,2021-08-27,200000,2021-2022,12.89,71.87
83,GUEYE,Aissatou,E20210083,L1,Comptabilité,2021-10-27,200000,2021-2022,15.69,95.7
84,SALL,Fatou,E20210084,L1,Hotellerie et Restauration,2021-06-30,225000,2021-2022,10.7,92.6
85,GUEYE,Rokhaya,E20210085,L1,Commerce International,2021-10-07,200000,2021-2022,9.98,84.65
86,GUEYE,Cheikh,E20210086,L1,Comptabilité et Gestion,2021-01-15,225000,2021-2022,10.75,80.08
87,GUEYE,Aminata,E20210087,L1,Transport Logistique,2021-08-28,150000,2021-2022,14.29,99.42
1,KANE,Rokhaya,E20220001,L1,Transport Logistique,2022-09-05,150000,2022-2023,12.82,83.07
2,KANE,Khadija,E20220002,L1,Comptabilité,2022-06-15,200000,2022-2023,10.68,94.92
3,DIALLO,Cheikh,E20220003,L1,Transport Logistique,2022-05-05,150000,2022-2023,13.28,87.1
4,GUEYE,Omar,E20220004,L1,Comptabilité et Gestion,2022-01-15,225000,2022-2023,12.24,95.53
5,SENE,Cheikh,E20220005,L1,Hotellerie et Restauration,2022-04-19,225000,2022-2023,14.42,93.93
6,FALL,Khadija,E20220006,L1,Hotellerie et Restauration,2022-11-02,225000,2022-2023,10.24,86.67
7,DIENG,Ibrahima,E20220007,L1,Douane transit,2022-02-13,125000,2022-2023,11.18,91.6
8,DIENG,Ibrahima,E20220008,L1,Comptabilité,2022-12-20,200000,2022-2023,11.02,89.38
9,SALL,Cheikh,E20220009,L1,Comptabilité et Gestion,2022-01-09,225000,2022-2023,8.34,78.83
10,TOURE,Khadija,E20220010,L1,Gestion des entreprises,2022-12-06,200000,2022-2023,12.74,84.2
11,DIENG,Omar,E20220011,L1,Hotellerie et Restauration,2022-08-06,225000,2022-2023,12.65,80.55
12,SALL,Khadija,E20220012,L1,Comptabilité,2022-06-06,200000,2022-2023,12.01,76.92
13,TOURE,Omar,E20220013,L1,Comptabilité et Gestion,2022-03-03,225000,2022-2023,11.41,75.75
14,DIALLO,Mamadou,E20220014,L1,Hotellerie et Restauration,2022-09-26,225000,2022-2023,8.46,99.42
15,TOURE,Khadija,E20220015,L1,Commerce International,2022-04-27,200000,2022-2023,10.95,75.38
16,DIOP,Rokhaya,E20220016,L1,Hotellerie et Restauration,2022-03-06,225000,2022-2023,11.14,71.37
17,DIOP,Rokhaya,E20220017,L1,Comptabilité,2022-05-30,200000,2022-2023,9.99,89.14
18,NDIAYE,Fatou,E20220018,L1,Comptabilité Gestion,2022-10-21,200000,2022-2023,11.6,84.08
19,SALL,Omar,E20220019,L1,Gestion des entreprises,2022-04-05,200000,2022-2023,13.01,77.57
20,NDIAYE,Moussa,E20220020,L1,Comptabilité,2022-07-25,200000,2022-2023,16.72,72.22
21,DIOP,Aminata,E20220021,L1,Transport Logistique,2022-03-18,150000,2022-2023,12.44,72.56
22,TOURE,Moussa,E20220022,L1,Transport Logistique,2022-10-13,150000,2022-2023,12.64,88.19
23,KANE,Ibrahima,E20220023,L1,Comptabilité Gestion,2022-09-25,200000,2022-2023,11.81,83.52
24,SALL,Khadija,E20220024,L1,Transport Logistique,2022-10-29,150000,2022-2023,8.0,79.16
25,KANE,Fatou,E20220025,L1,Comptabilité et Gestion,2022-11-09,225000,2022-2023,11.93,98.43
26,TOURE,Khadija,E20220026,L1,Douane transit,2022-12-05,125000,2022-2023,12.15,74.71
27,DIENG,Moussa,E20220027,L1,Transport Logistique,2022-03-22,150000,2022-2023,18.0,82.26
28,DIALLO,Fatou,E20220028,L1,Hotellerie et Restauration,2022-04-29,225000,2022-2023,11.52,91.21
29,SALL,Moussa,E20220029,L1,Comptabilité Gestion,2022-12-18,200000,2022-2023,12.75,97.72
30,GUEYE,Moussa,E20220030,L1,Douane transit,2022-10-06,125000,2022-2023,11.91,89.43
31,SENE,Moussa,E20220031,L1,Transport Logistique,2022-01-31,150000,2022-2023,9.08,93.78
32,SALL,Moussa,E20220032,L1,Hotellerie et Restauration,2022-08-28,225000,2022-2023,14.86,90.99
33,DIALLO,Rokhaya,E20220033,L1,Hotellerie et Restauration,2022-10-04,225000,2022-2023,13.88,83.13
34,KANE,Fatou,E20220034,L1,Commerce International,2022-08-10,200000,2022-2023,13.98,88.11
35,DIOP,Moussa,E20220035,L1,Transport Logistique,2022-04-28,150000,2022-2023,9.73,99.99
36,KANE,Fatou,E20220036,L1,Comptabilité Gestion,2022-03-31,200000,2022-2023,15.51,85.57
37,SALL,Khadija,E20220037,L1,Gestion des entreprises,2022-04-03,200000,2022-2023,8.5,89.04
38,SALL,Moussa,E20220038,L1,Comptabilité,2022-08-29,200000,2022-2023,13.47,82.25
39,FALL,Moussa,E20220039,L1,Comptabilité Gestion,2022-03-24,200000,2022-2023,17.48,82.35
40,SALL,Khadija,E20220040,L1,Commerce International,2022-12-06,200000,2022-2023,9.52,94.41
41,DIENG,Fatou,E20220041,L1,Douane transit,2022-08-21,125000,2022-2023,10.58,79.44
42,NDIAYE,Aissatou,E20220042,L1,Comptabilité et Gestion,2022-09-21,225000,2022-2023,12.25,89.73
43,GUEYE,Fatou,E20220043,L1,Transport Logistique,2022-04-07,150000,2022-2023,10.74,88.68
44,SALL,Cheikh,E20220044,L1,Hotellerie et Restauration,2022-01-27,225000,2022-2023,8.12,78.01
45,DIALLO,Cheikh,E20220045,L1,Comptabilité,2022-12-24,200000,2022-2023,12.17,73.64
46,KANE,Ibrahima,E20220046,L1,Douane transit,2022-12-30,125000,2022-2023,9.34,79.32
47,DIENG,Aissatou,E20220047,L1,Douane transit,2022-02-17,125000,2022-2023,13.18,99.77
48,SALL,Moussa,E20220048,L1,Douane transit,2022-11-28,125000,2022-2023,9.7,84.95
49,DIENG,Khadija,E20220049,L1,Hotellerie et Restauration,2022-08-01,225000,2022-2023,15.87,99.41
50,TOURE,Cheikh,E20220050,L1,Commerce International,2022-10-10,200000,2022-2023,10.04,81.51
51,NDIAYE,Khadija,E20220051,L1,Comptabilité,2022-08-01,200000,2022-2023,11.19,98.03
52,DIENG,Khadija,E20220052,L1,Transport Logistique,2022-01-02,150000,2022-2023,14.03,91.78
53,KANE,Mamadou,E20220053,L1,Comptabilité et Gestion,2022-12-04,225000,2022-2023,8.92,95.96
54,SALL,Rokhaya,E20220054,L1,Gestion des entreprises,2022-09-05,200000,2022-2023,12.57,79.97
55,DIENG,Aissatou,E20220055,L1,Transport Logistique,2022-08-22,150000,2022-2023,15.27,96.09
56,TOURE,Mamadou,E20220056,L1,Douane transit,2022-07-16,125000,2022-2023,8.0,95.68
57,DIOP,Omar,E20220057,L1,Commerce International,2022-08-31,200000,2022-2023,12.46,81.58
58,SENE,Cheikh,E20220058,L1,Douane transit,2022-01-19,125000,2022-2023,12.65,85.07
59,NDIAYE,Cheikh,E20220059,L1,Gestion des entreprises,2022-02-21,200000,2022-2023,13.95,70.46
60,SENE,Aissatou,E20220060,L1,Comptabilité et Gestion,2022-12-02,225000,2022-2023,8.91,72.24
61,FALL,Mamadou,E20220061,L1,Transport Logistique,2022-12-21,150000,2022-2023,8.7,89.5
62,FALL,Rokhaya,E20220062,L1,Commerce International,2022-07-14,200000,2022-2023,13.3,88.8
63,SALL,Rokhaya,E20220063,L1,Douane transit,2022-01-19,125000,2022-2023,12.74,77.04
64,TOURE,Moussa,E20220064,L1,Hotellerie et Restauration,2022-08-11,225000,2022-2023,12.63,92.81
65,SALL,Aminata,E20220065,L1,Gestion des entreprises,2022-12-22,200000,2022-2023,12.87,97.1
66,DIOP,Omar,E20220066,L1,Gestion des entreprises,2022-01-29,200000,2022-2023,10.3,80.75
67,GUEYE,Aminata,E20220067,L1,Commerce International,2022-05-06,200000,2022-2023,12.58,86.98
68,SENE,Aminata,E20220068,L1,Commerce International,2022-03-31,200000,2022-2023,12.73,88.28
69,KANE,Ibrahima,E20220069,L1,Commerce International,2022-09-12,200000,2022-2023,10.21,76.97
70,SALL,Khadija,E20220070,L1,Gestion des entreprises,2022-12-08,200000,2022-2023,16.66,96.97
71,DIALLO,Rokhaya,E20220071,L1,Douane transit,2022-03-22,125000,2022-2023,13.18,83.25
72,KANE,Khadija,E20220072,L1,Comptabilité Gestion,2022-11-24,200000,2022-2023,9.02,90.71
73,SALL,Khadija,E20220073,L1,Comptabilité et Gestion,2022-04-12,225000,2022-2023,13.64,95.6
74,NDIAYE,Ibrahima,E20220074,L1,Commerce International,2022-07-15,200000,2022-2023,9.56,87.24
75,DIALLO,Fatou,E20220075,L1,Comptabilité Gestion,2022-12-04,200000,2022-2023,13.97,78.23
76,KANE,Fatou,E20220076,L1,Commerce International,2022-11-07,200000,2022-2023,14.9,94.99
77,DIALLO,Ibrahima,E20220077,L1,Gestion des entreprises,2022-11-07,200000,2022-2023,9.95,76.57
78,TOURE,Mamadou,E20220078,L1,Comptabilité,2022-05-09,200000,2022-2023,14.41,88.85
79,DIALLO,Cheikh,E20220079,L1,Gestion des entreprises,2022-01-18,200000,2022-2023,13.03,91.97
80,NDIAYE,Khadija,E20220080,L1,Hotellerie et Restauration,2022-06-17,225000,2022-2023,14.06,75.27
81,SENE,Rokhaya,E20220081,L1,Douane transit,2022-07-07,125000,2022-2023,16.74,94.91
82,DIALLO,Cheikh,E20220082,L1,Hotellerie et Restauration,2022-06-01,225000,2022-2023,11.39,94.13
83,SALL,Moussa,E20220083,L1,Comptabilité Gestion,2022-03-14,200000,2022-2023,10.12,95.8
84,DIENG,Omar,E20220084,L1,Gestion des entreprises,2022-02-16,200000,2022-2023,9.78,70.42
85,DIENG,Moussa,E20220085,L1,Douane transit,2022-08-21,125000,2022-2023,9.96,90.18
86,DIALLO,Mamadou,E20220086,L1,Comptabilité,2022-07-15,200000,2022-2023,11.81,73.25
87,TOURE,Cheikh,E20220087,L1,Gestion des entreprises,2022-01-13,200000,2022-2023,12.85,97.46
88,TOURE,Moussa,E20220088,L1,Commerce International,2022-11-22,200000,2022-2023,12.69,97.28
89,DIALLO,Aissatou,E20220089,L1,Transport Logistique,2022-03-01,150000,2022-2023,14.07,71.36
90,DIALLO,Cheikh,E20220090,L1,Comptabilité Gestion,2022-03-01,200000,2022-2023,12.03,77.04
1,DIENG,Cheikh,E20210077,L2,Comptabilité Gestion,2022-02-07,200000,2022-2023,15.63,92.19
2,TOURE,Mamadou,E20210001,L2,Comptabilité et Gestion,2022-04-07,225000,2022-2023,14.4,83.82
3,NDIAYE,Cheikh,E20210027,L2,Gestion des entreprises,2022-10-28,200000,2022-2023,17.38,91.98
4,FALL,Aissatou,E20210023,L2,Douane transit,2022-12-10,125000,2022-2023,10.08,80.57
5,NDIAYE,Cheikh,E20210013,L2,Comptabilité,2022-10-14,200000,2022-2023,14.18,74.2
6,SALL,Cheikh,E20210068,L2,Commerce International,2022-04-22,200000,2022-2023,12.46,86.4
7,DIENG,Rokhaya,E20210011,L2,Transport Logistique,2022-09-03,150000,2022-2023,17.47,75.52
8,TOURE,Moussa,E20210019,L2,Hotellerie et Restauration,2022-04-17,225000,2022-2023,9.98,96.68
9,SENE,Aminata,E20210005,L2,Gestion des entreprises,2022-06-20,200000,2022-2023,9.9,99.71
10,NDIAYE,Khadija,E20210069,L2,Gestion des entreprises,2022-06-05,200000,2022-2023,10.5,98.72
11,GUEYE,Rokhaya,E20210085,L2,Commerce International,2022-01-08,200000,2022-2023,8.0,85.72
12,SENE,Mamadou,E20210066,L2,Hotellerie et Restauration,2022-04-19,225000,2022-2023,10.69,95.17
13,SENE,Omar,E20210054,L2,Comptabilité et Gestion,2022-04-08,225000,2022-2023,10.1,72.23
14,GUEYE,Aminata,E20210081,L2,Commerce International,2022-03-02,200000,2022-2023,12.38,94.54
15,SALL,Fatou,E20210084,L2,Hotellerie et Restauration,2022-09-03,225000,2022-2023,12.85,71.46
16,DIALLO,Rokhaya,E20210065,L2,Douane transit,2022-05-05,125000,2022-2023,16.69,70.19
17,SENE,Moussa,E20210034,L2,Douane transit,2022-12-23,125000,2022-2023,14.38,74.12
18,FALL,Omar,E20210080,L2,Commerce International,2022-11-06,200000,2022-2023,10.56,88.92
19,FALL,Khadija,E20210056,L2,Comptabilité Gestion,2022-12-27,200000,2022-2023,9.75,72.04
20,DIOP,Rokhaya,E20210074,L2,Gestion des entreprises,2022-04-15,200000,2022-2023,13.23,74.53
21,NDIAYE,Omar,E20210012,L2,Commerce International,2022-07-23,200000,2022-2023,8.7,76.56
22,DIENG,Cheikh,E20210031,L2,Hotellerie et Restauration,2022-05-03,225000,2022-2023,16.58,83.68
23,SALL,Rokhaya,E20210041,L2,Douane transit,2022-10-10,125000,2022-2023,14.95,71.81
24,TOURE,Aissatou,E20210029,L2,Douane transit,2022-06-14,125000,2022-2023,10.83,89.13
25,DIALLO,Rokhaya,E20210010,L2,Comptabilité Gestion,2022-05-25,200000,2022-2023,8.0,98.02
26,DIOP,Khadija,E20210067,L2,Transport Logistique,2022-07-14,150000,2022-2023,15.38,97.38
27,GUEYE,Aissatou,E20210006,L2,Gestion des entreprises,2022-08-27,200000,2022-2023,11.71,89.78
28,FALL,Moussa,E20210040,L2,Transport Logistique,2022-10-01,150000,2022-2023,15.09,70.47
29,KANE,Rokhaya,E20210032,L2,Douane transit,2022-11-29,125000,2022-2023,8.01,85.97
30,KANE,Moussa,E20210036,L2,Comptabilité,2022-07-03,200000,2022-2023,10.5,82.34
31,DIOP,Moussa,E20210046,L2,Comptabilité,2022-06-07,200000,2022-2023,12.01,70.5
32,DIALLO,Rokhaya,E20210045,L2,Comptabilité et Gestion,2022-05-14,225000,2022-2023,12.12,91.67
33,TOURE,Moussa,E20210017,L2,Comptabilité,2022-07-04,200000,2022-2023,10.87,86.07
34,NDIAYE,Aminata,E20210043,L2,Transport Logistique,2022-09-20,150000,2022-2023,13.56,78.6
35,GUEYE,Moussa,E20210035,L2,Transport Logistique,2022-09-12,150000,2022-2023,9.33,85.07
36,FALL,Moussa,E20210008,L2,Comptabilité et Gestion,2022-08-27,225000,2022-2023,11.64,90.94
37,KANE,Rokhaya,E20210050,L2,Douane transit,2022-02-20,125000,2022-2023,12.3,82.92
38,DIOP,Rokhaya,E20210062,L2,Transport Logistique,2022-08-29,150000,2022-2023,13.29,98.19
39,TOURE,Khadija,E20210020,L2,Gestion des entreprises,2022-06-13,200000,2022-2023,13.78,75.38
40,NDIAYE,Aissatou,E20210073,L2,Gestion des entreprises,2022-04-15,200000,2022-2023,9.19,97.54
41,GUEYE,Aminata,E20210026,L2,Comptabilité et Gestion,2022-07-09,225000,2022-2023,8.16,85.73
42,SENE,Cheikh,E20210048,L2,Gestion des entreprises,2022-06-10,200000,2022-2023,15.19,77.23
43,DIENG,Aminata,E20210014,L2,Hotellerie et Restauration,2022-07-31,225000,2022-2023,12.83,88.59
44,NDIAYE,Ibrahima,E20210025,L2,Hotellerie et Restauration,2022-01-24,225000,2022-2023,10.13,77.57
45,SENE,Rokhaya,E20210004,L2,Comptabilité Gestion,2022-10-16,200000,2022-2023,15.88,80.63
46,KANE,Ibrahima,E20210018,L2,Douane transit,2022-04-24,125000,2022-2023,12.29,93.85
47,NDIAYE,Rokhaya,E20210039,L2,Douane transit,2022-03-16,125000,2022-2023,14.95,72.37
48,DIOP,Khadija,E20210009,L2,Transport Logistique,2022-01-09,150000,2022-2023,12.17,98.78
49,TOURE,Khadija,E20210070,L2,Comptabilité Gestion,2022-05-14,200000,2022-2023,17.15,83.77
50,DIENG,Fatou,E20210007,L2,Commerce International,2022-10-11,200000,2022-2023,16.39,77.3
51,GUEYE,Omar,E20210057,L2,Gestion des entreprises,2022-10-27,200000,2022-2023,11.38,90.92
52,TOURE,Omar,E20210037,L2,Hotellerie et Restauration,2022-10-24,225000,2022-2023,14.43,79.0
53,DIALLO,Cheikh,E20210079,L2,Gestion des entreprises,2022-08-02,200000,2022-2023,13.61,94.84
54,GUEYE,Aminata,E20210087,L2,Transport Logistique,2022-06-01,150000,2022-2023,15.42,72.42
55,GUEYE,Fatou,E20210055,L2,Transport Logistique,2022-03-20,150000,2022-2023,9.59,99.75
56,DIALLO,Khadija,E20210044,L2,Comptabilité Gestion,2022-04-11,200000,2022-2023,13.72,89.5
57,DIALLO,Omar,E20210051,L2,Commerce International,2022-06-18,200000,2022-2023,14.65,70.95
58,DIOP,Fatou,E20210047,L2,Commerce International,2022-04-28,200000,2022-2023,8.0,82.16
59,GUEYE,Cheikh,E20210086,L2,Comptabilité et Gestion,2022-07-14,225000,2022-2023,9.04,81.32
60,FALL,Cheikh,E20210016,L2,Transport Logistique,2022-10-19,150000,2022-2023,8.0,84.28
61,TOURE,Cheikh,E20210071,L2,Gestion des entreprises,2022-05-06,200000,2022-2023,11.33,89.1
62,NDIAYE,Ibrahima,E20210028,L2,Commerce International,2022-09-13,200000,2022-2023,13.79,91.09
63,DIENG,Fatou,E20210042,L2,Douane transit,2022-10-09,125000,2022-2023,15.76,72.48
64,FALL,Mamadou,E20210063,L2,Commerce International,2022-12-02,200000,2022-2023,12.19,95.36
65,NDIAYE,Khadija,E20210059,L2,Commerce International,2022-12-17,200000,2022-2023,16.07,89.35
66,NDIAYE,Moussa,E20210049,L2,Hotellerie et Restauration,2022-06-22,225000,2022-2023,8.55,79.94
67,TOURE,Khadija,E20210078,L2,Gestion des entreprises,2022-05-12,200000,2022-2023,8.0,99.32
68,FALL,Rokhaya,E20210058,L2,Commerce International,2022-09-08,200000,2022-2023,11.86,99.22
69,KANE,Cheikh,E20210033,L2,Douane transit,2022-11-25,125000,2022-2023,12.96,96.84
1,NDIAYE,Cheikh,E20230001,L1,Hotellerie et Restauration,2023-12-31,225000,2023-2024,15.63,72.2
2,NDIAYE,Omar,E20230002,L1,Gestion des entreprises,2023-11-08,200000,2023-2024,11.34,71.97
3,KANE,Mamadou,E20230003,L1,Comptabilité Gestion,2023-10-08,200000,2023-2024,18.0,81.43
4,KANE,Rokhaya,E20230004,L1,Comptabilité et Gestion,2023-05-31,225000,2023-2024,13.56,85.17
5,GUEYE,Moussa,E20230005,L1,Comptabilité Gestion,2023-12-26,200000,2023-2024,9.86,95.58
6,GUEYE,Cheikh,E20230006,L1,Transport Logistique,2023-04-27,150000,2023-2024,9.32,80.17
7,SALL,Aissatou,E20230007,L1,Gestion des entreprises,2023-08-01,200000,2023-2024,13.21,79.38
8,DIALLO,Omar,E20230008,L1,Comptabilité Gestion,2023-03-20,200000,2023-2024,11.44,72.01
9,NDIAYE,Moussa,E20230009,L1,Gestion des entreprises,2023-08-10,200000,2023-2024,13.79,92.34
10,SENE,Rokhaya,E20230010,L1,Gestion des entreprises,2023-01-31,200000,2023-2024,13.18,90.1
11,GUEYE,Omar,E20230011,L1,Commerce International,2023-12-07,200000,2023-2024,11.82,96.04
12,DIOP,Khadija,E20230012,L1,Hotellerie et Restauration,2023-11-04,225000,2023-2024,9.88,80.55
13,KANE,Rokhaya,E20230013,L1,Douane transit,2023-04-19,125000,2023-2024,8.21,89.7
14,NDIAYE,Omar,E20230014,L1,Douane transit,2023-10-12,125000,2023-2024,10.88,73.45
15,DIALLO,Mamadou,E20230015,L1,Gestion des entreprises,2023-04-26,200000,2023-2024,14.14,95.35
16,KANE,Mamadou,E20230016,L1,Douane transit,2023-12-12,125000,2023-2024,12.54,88.27
17,DIOP,Aminata,E20230017,L1,Gestion des entreprises,2023-05-20,200000,2023-2024,8.89,97.65
18,FALL,Fatou,E20230018,L1,Gestion des entreprises,2023-04-03,200000,2023-2024,12.43,86.99
19,NDIAYE,Aminata,E20230019,L1,Comptabilité et Gestion,2023-11-21,225000,2023-2024,12.96,72.75
20,GUEYE,Aissatou,E20230020,L1,Comptabilité,2023-08-21,200000,2023-2024,9.79,74.72
21,DIALLO,Omar,E20230021,L1,Gestion des entreprises,2023-10-18,200000,2023-2024,12.38,96.5
22,SENE,Mamadou,E20230022,L1,Comptabilité Gestion,2023-01-26,200000,2023-2024,12.15,78.16
23,SALL,Mamadou,E20230023,L1,Commerce International,2023-08-15,200000,2023-2024,9.14,78.2
24,DIENG,Moussa,E20230024,L1,Douane transit,2023-06-26,125000,2023-2024,12.89,73.33
25,KANE,Cheikh,E20230025,L1,Douane transit,2023-09-27,125000,2023-2024,13.4,71.36
26,GUEYE,Mamadou,E20230026,L1,Transport Logistique,2023-01-29,150000,2023-2024,14.71,76.13
27,SENE,Khadija,E20230027,L1,Comptabilité,2023-05-29,200000,2023-2024,14.63,73.6
28,SALL,Aissatou,E20230028,L1,Comptabilité,2023-03-31,200000,2023-2024,8.56,81.41
29,DIENG,Rokhaya,E20230029,L1,Hotellerie et Restauration,2023-12-09,225000,2023-2024,9.66,72.16
30,DIOP,Aissatou,E20230030,L1,Commerce International,2023-01-10,200000,2023-2024,13.29,97.63
31,FALL,Mamadou,E20230031,L1,Douane transit,2023-08-08,125000,2023-2024,13.28,91.28
32,GUEYE,Khadija,E20230032,L1,Transport Logistique,2023-02-28,150000,2023-2024,13.29,70.63
33,FALL,Aminata,E20230033,L1,Comptabilité Gestion,2023-11-13,200000,2023-2024,18.0,94.96
34,FALL,Moussa,E20230034,L1,Transport Logistique,2023-08-12,150000,2023-2024,13.43,77.3
35,DIENG,Moussa,E20230035,L1,Douane transit,2023-07-22,125000,2023-2024,14.84,92.37
36,TOURE,Omar,E20230036,L1,Douane transit,2023-03-28,125000,2023-2024,14.39,85.31
37,DIENG,Rokhaya,E20230037,L1,Commerce International,2023-04-10,200000,2023-2024,13.63,80.53
38,SENE,Ibrahima,E20230038,L1,Comptabilité et Gestion,2023-02-22,225000,2023-2024,11.21,77.68
39,KANE,Aminata,E20230039,L1,Comptabilité Gestion,2023-12-02,200000,2023-2024,13.9,75.31
40,SALL,Mamadou,E20230040,L1,Transport Logistique,2023-10-24,150000,2023-2024,10.07,90.43
41,KANE,Mamadou,E20230041,L1,Gestion des entreprises,2023-06-15,200000,2023-2024,11.41,74.53
42,NDIAYE,Cheikh,E20230042,L1,Comptabilité,2023-08-15,200000,2023-2024,10.79,93.89
43,KANE,Fatou,E20230043,L1,Hotellerie et Restauration,2023-06-30,225000,2023-2024,12.2,79.31
44,DIOP,Fatou,E20230044,L1,Transport Logistique,2023-07-08,150000,2023-2024,17.79,72.3
45,NDIAYE,Mamadou,E20230045,L1,Commerce International,2023-11-01,200000,2023-2024,8.0,83.88
46,DIENG,Fatou,E20230046,L1,Douane transit,2023-08-19,125000,2023-2024,13.72,79.65
47,DIENG,Aminata,E20230047,L1,Commerce International,2023-02-01,200000,2023-2024,8.0,73.11
48,FALL,Moussa,E20230048,L1,Comptabilité Gestion,2023-09-16,200000,2023-2024,10.82,71.17
49,SALL,Rokhaya,E20230049,L1,Transport Logistique,2023-09-25,150000,2023-2024,14.72,80.92
50,GUEYE,Aissatou,E20230050,L1,Comptabilité,2023-06-23,200000,2023-2024,12.16,93.68
51,NDIAYE,Omar,E20230051,L1,Gestion des entreprises,2023-02-18,200000,2023-2024,9.31,78.52
52,KANE,Aminata,E20230052,L1,Hotellerie et Restauration,2023-06-20,225000,2023-2024,10.21,87.48
53,FALL,Khadija,E20230053,L1,Comptabilité et Gestion,2023-12-02,225000,2023-2024,13.7,73.87
54,NDIAYE,Khadija,E20230054,L1,Douane transit,2023-10-14,125000,2023-2024,10.17,89.3
55,FALL,Aminata,E20230055,L1,Hotellerie et Restauration,2023-12-10,225000,2023-2024,12.54,89.38
56,DIENG,Omar,E20230056,L1,Hotellerie et Restauration,2023-01-10,225000,2023-2024,12.11,79.27
57,TOURE,Omar,E20230057,L1,Transport Logistique,2023-09-06,150000,2023-2024,10.37,76.8
58,SENE,Moussa,E20230058,L1,Gestion des entreprises,2023-06-01,200000,2023-2024,17.36,85.23
59,FALL,Mamadou,E20230059,L1,Hotellerie et Restauration,2023-03-09,225000,2023-2024,13.58,74.63
60,SENE,Mamadou,E20230060,L1,Commerce International,2023-03-26,200000,2023-2024,8.0,71.31
61,FALL,Ibrahima,E20230061,L1,Comptabilité et Gestion,2023-08-16,225000,2023-2024,12.47,92.57
62,SALL,Ibrahima,E20230062,L1,Transport Logistique,2023-10-01,150000,2023-2024,10.35,79.28
63,TOURE,Omar,E20230063,L1,Comptabilité et Gestion,2023-12-14,225000,2023-2024,14.13,83.85
64,DIALLO,Aissatou,E20230064,L1,Commerce International,2023-09-15,200000,2023-2024,10.02,98.99
65,TOURE,Mamadou,E20230065,L1,Commerce International,2023-03-12,200000,2023-2024,11.71,71.57
66,SALL,Omar,E20230066,L1,Hotellerie et Restauration,2023-10-11,225000,2023-2024,13.26,91.34
67,DIALLO,Moussa,E20230067,L1,Transport Logistique,2023-03-24,150000,2023-2024,14.16,83.48
68,DIENG,Aminata,E20230068,L1,Comptabilité,2023-08-12,200000,2023-2024,9.0,98.39
69,SALL,Omar,E20230069,L1,Transport Logistique,2023-01-14,150000,2023-2024,11.16,71.6
70,DIENG,Omar,E20230070,L1,Transport Logistique,2023-05-01,150000,2023-2024,10.81,99.84
71,FALL,Ibrahima,E20230071,L1,Hotellerie et Restauration,2023-01-15,225000,2023-2024,10.37,97.92
72,FALL,Aminata,E20230072,L1,Comptabilité,2023-03-12,200000,2023-2024,16.41,78.61
73,SENE,Cheikh,E20230073,L1,Commerce International,2023-08-18,200000,2023-2024,13.01,97.18
74,DIALLO,Ibrahima,E20230074,L1,Douane transit,2023-03-18,125000,2023-2024,8.85,73.34
75,DIALLO,Ibrahima,E20230075,L1,Comptabilité Gestion,2023-06-04,200000,2023-2024,14.29,71.43
76,KANE,Cheikh,E20230076,L1,Hotellerie et Restauration,2023-02-02,225000,2023-2024,17.31,95.1
77,KANE,Rokhaya,E20230077,L1,Hotellerie et Restauration,2023-01-09,225000,2023-2024,14.58,91.56
78,GUEYE,Fatou,E20230078,L1,Douane transit,2023-11-11,125000,2023-2024,8.2,77.22
79,GUEYE,Aminata,E20230079,L1,Gestion des entreprises,2023-12-07,200000,2023-2024,10.79,85.7
80,NDIAYE,Rokhaya,E20230080,L1,Hotellerie et Restauration,2023-10-06,225000,2023-2024,15.17,81.71
81,DIOP,Aissatou,E20230081,L1,Comptabilité,2023-07-11,200000,2023-2024,10.23,92.42
82,FALL,Moussa,E20230082,L1,Gestion des entreprises,2023-06-26,200000,2023-2024,13.11,91.99
83,KANE,Omar,E20230083,L1,Douane transit,2023-03-10,125000,2023-2024,13.94,80.57
84,SENE,Cheikh,E20230084,L1,Commerce International,2023-12-23,200000,2023-2024,9.68,88.95
85,SENE,Moussa,E20230085,L1,Gestion des entreprises,2023-08-23,200000,2023-2024,11.85,78.8
86,TOURE,Fatou,E20230086,L1,Comptabilité,2023-06-11,200000,2023-2024,8.0,85.46
87,DIENG,Cheikh,E20230087,L1,Hotellerie et Restauration,2023-05-10,225000,2023-2024,9.44,92.6
88,DIALLO,Omar,E20230088,L1,Comptabilité Gestion,2023-01-25,200000,2023-2024,11.37,78.2
89,FALL,Aissatou,E20230089,L1,Transport Logistique,2023-07-24,150000,2023-2024,8.88,96.84
90,GUEYE,Omar,E20230090,L1,Hotellerie et Restauration,2023-04-06,225000,2023-2024,16.08,90.76
91,FALL,Rokhaya,E20230091,L1,Hotellerie et Restauration,2023-05-17,225000,2023-2024,8.42,91.81
92,GUEYE,Mamadou,E20230092,L1,Transport Logistique,2023-04-03,150000,2023-2024,10.9,79.64
93,NDIAYE,Omar,E20230093,L1,Comptabilité et Gestion,2023-12-05,225000,2023-2024,12.33,79.19
94,KANE,Aissatou,E20230094,L1,Comptabilité,2023-03-27,200000,2023-2024,15.6,80.55
95,DIOP,Omar,E20230095,L1,Comptabilité et Gestion,2023-11-11,225000,2023-2024,8.41,78.24
1,DIENG,Fatou,E20220041,L2,Douane transit,2023-04-27,125000,2023-2024,11.92,75.02
2,KANE,Ibrahima,E20220023,L2,Comptabilité Gestion,2023-07-02,200000,2023-2024,8.0,78.28
3,TOURE,Mamadou,E20220056,L2,Douane transit,2023-10-11,125000,2023-2024,11.78,78.99
4,DIALLO,Rokhaya,E20220071,L2,Douane transit,2023-07-12,125000,2023-2024,8.74,93.48
5,KANE,Rokhaya,E20220001,L2,Transport Logistique,2023-08-10,150000,2023-2024,13.67,80.83
6,DIENG,Moussa,E20220027,L2,Transport Logistique,2023-04-06,150000,2023-2024,12.92,98.33
7,SALL,Khadija,E20220040,L2,Commerce International,2023-12-15,200000,2023-2024,9.65,91.63
8,DIOP,Omar,E20220066,L2,Gestion des entreprises,2023-10-27,200000,2023-2024,10.72,84.87
9,DIENG,Omar,E20220011,L2,Hotellerie et Restauration,2023-12-05,225000,2023-2024,9.35,88.5
10,DIALLO,Cheikh,E20220045,L2,Comptabilité,2023-07-14,200000,2023-2024,11.84,83.74
11,DIALLO,Cheikh,E20220082,L2,Hotellerie et Restauration,2023-02-13,225000,2023-2024,14.39,74.06
12,KANE,Fatou,E20220036,L2,Comptabilité Gestion,2023-11-13,200000,2023-2024,9.54,70.2
13,DIOP,Omar,E20220057,L2,Commerce International,2023-06-01,200000,2023-2024,13.26,81.87
14,TOURE,Cheikh,E20220087,L2,Gestion des entreprises,2023-05-07,200000,2023-2024,10.67,95.25
15,TOURE,Omar,E20220013,L2,Comptabilité et Gestion,2023-02-07,225000,2023-2024,10.02,81.4
16,SENE,Cheikh,E20220005,L2,Hotellerie et Restauration,2023-02-12,225000,2023-2024,11.73,95.87
17,SALL,Omar,E20220019,L2,Gestion des entreprises,2023-05-18,200000,2023-2024,9.41,83.21
18,SALL,Moussa,E20220029,L2,Comptabilité Gestion,2023-03-20,200000,2023-2024,10.62,82.92
19,TOURE,Cheikh,E20220050,L2,Commerce International,2023-07-14,200000,2023-2024,9.01,94.71
20,SALL,Rokhaya,E20220063,L2,Douane transit,2023-12-31,125000,2023-2024,16.91,89.53
21,NDIAYE,Ibrahima,E20220074,L2,Commerce International,2023-11-21,200000,2023-2024,12.09,87.83
22,SALL,Khadija,E20220070,L2,Gestion des entreprises,2023-03-20,200000,2023-2024,10.25,79.01
23,DIALLO,Ibrahima,E20220077,L2,Gestion des entreprises,2023-07-19,200000,2023-2024,12.53,88.1
24,SENE,Moussa,E20220031,L2,Transport Logistique,2023-06-12,150000,2023-2024,11.72,90.86
25,KANE,Fatou,E20220034,L2,Commerce International,2023-07-04,200000,2023-2024,11.45,84.37
26,SALL,Khadija,E20220012,L2,Comptabilité,2023-02-24,200000,2023-2024,13.54,75.33
27,GUEYE,Aminata,E20220067,L2,Commerce International,2023-02-16,200000,2023-2024,13.89,81.95
28,SENE,Aminata,E20220068,L2,Commerce International,2023-01-03,200000,2023-2024,10.67,79.57
29,SALL,Moussa,E20220032,L2,Hotellerie et Restauration,2023-06-07,225000,2023-2024,10.56,92.05
30,KANE,Fatou,E20220076,L2,Commerce International,2023-08-16,200000,2023-2024,11.31,88.99
31,TOURE,Khadija,E20220010,L2,Gestion des entreprises,2023-07-04,200000,2023-2024,8.0,99.03
32,KANE,Ibrahima,E20220069,L2,Commerce International,2023-05-19,200000,2023-2024,8.21,93.46
33,FALL,Khadija,E20220006,L2,Hotellerie et Restauration,2023-02-22,225000,2023-2024,15.42,79.78
34,GUEYE,Fatou,E20220043,L2,Transport Logistique,2023-03-09,150000,2023-2024,16.11,78.41
35,SALL,Moussa,E20220048,L2,Douane transit,2023-02-14,125000,2023-2024,11.38,93.58
36,DIOP,Rokhaya,E20220017,L2,Comptabilité,2023-04-06,200000,2023-2024,13.44,80.95
37,KANE,Ibrahima,E20220046,L2,Douane transit,2023-08-09,125000,2023-2024,12.78,97.96
38,DIOP,Moussa,E20220035,L2,Transport Logistique,2023-08-18,150000,2023-2024,18.0,75.99
39,DIENG,Ibrahima,E20220008,L2,Comptabilité,2023-10-13,200000,2023-2024,14.8,99.92
40,DIALLO,Cheikh,E20220079,L2,Gestion des entreprises,2023-10-12,200000,2023-2024,11.68,75.4
41,DIALLO,Fatou,E20220028,L2,Hotellerie et Restauration,2023-09-20,225000,2023-2024,9.61,93.03
42,NDIAYE,Moussa,E20220020,L2,Comptabilité,2023-07-28,200000,2023-2024,8.0,70.81
43,DIENG,Moussa,E20220085,L2,Douane transit,2023-02-22,125000,2023-2024,12.51,91.82
44,TOURE,Khadija,E20220026,L2,Douane transit,2023-01-14,125000,2023-2024,10.11,98.29
45,SALL,Rokhaya,E20220054,L2,Gestion des entreprises,2023-02-15,200000,2023-2024,8.44,76.29
46,DIALLO,Mamadou,E20220014,L2,Hotellerie et Restauration,2023-07-01,225000,2023-2024,10.38,93.93
47,KANE,Fatou,E20220025,L2,Comptabilité et Gestion,2023-10-11,225000,2023-2024,9.3,94.94
48,GUEYE,Omar,E20220004,L2,Comptabilité et Gestion,2023-02-17,225000,2023-2024,16.22,72.07
49,NDIAYE,Fatou,E20220018,L2,Comptabilité Gestion,2023-11-02,200000,2023-2024,14.2,95.43
50,FALL,Moussa,E20220039,L2,Comptabilité Gestion,2023-11-03,200000,2023-2024,11.98,93.85
51,SALL,Cheikh,E20220009,L2,Comptabilité et Gestion,2023-06-16,225000,2023-2024,15.7,90.19
52,TOURE,Moussa,E20220088,L2,Commerce International,2023-07-17,200000,2023-2024,12.19,74.18
53,DIENG,Ibrahima,E20220007,L2,Douane transit,2023-01-07,125000,2023-2024,9.85,79.08
54,SALL,Aminata,E20220065,L2,Gestion des entreprises,2023-05-30,200000,2023-2024,15.81,77.58
55,SALL,Khadija,E20220037,L2,Gestion des entreprises,2023-07-31,200000,2023-2024,13.35,74.62
56,SENE,Rokhaya,E20220081,L2,Douane transit,2023-07-18,125000,2023-2024,9.41,82.69
57,DIALLO,Cheikh,E20220090,L2,Comptabilité Gestion,2023-02-13,200000,2023-2024,11.52,81.31
58,DIENG,Aissatou,E20220055,L2,Transport Logistique,2023-10-14,150000,2023-2024,9.81,83.47
59,SALL,Cheikh,E20220044,L2,Hotellerie et Restauration,2023-05-05,225000,2023-2024,8.54,87.94
60,NDIAYE,Khadija,E20220051,L2,Comptabilité,2023-10-20,200000,2023-2024,14.32,87.47
61,DIENG,Aissatou,E20220047,L2,Douane transit,2023-09-24,125000,2023-2024,16.77,86.03
62,FALL,Rokhaya,E20220062,L2,Commerce International,2023-03-28,200000,2023-2024,8.5,97.7
63,DIALLO,Aissatou,E20220089,L2,Transport Logistique,2023-12-17,150000,2023-2024,13.41,96.09
64,DIOP,Rokhaya,E20220016,L2,Hotellerie et Restauration,2023-07-14,225000,2023-2024,10.37,82.55
65,SALL,Khadija,E20220073,L2,Comptabilité et Gestion,2023-03-28,225000,2023-2024,10.78,71.1
66,NDIAYE,Aissatou,E20220042,L2,Comptabilité et Gestion,2023-03-13,225000,2023-2024,10.52,99.05
67,NDIAYE,Cheikh,E20220059,L2,Gestion des entreprises,2023-05-18,200000,2023-2024,9.84,91.05
68,DIENG,Khadija,E20220049,L2,Hotellerie et Restauration,2023-06-04,225000,2023-2024,12.12,94.37
69,NDIAYE,Khadija,E20220080,L2,Hotellerie et Restauration,2023-05-18,225000,2023-2024,9.92,87.81
70,SENE,Cheikh,E20220058,L2,Douane transit,2023-09-10,125000,2023-2024,12.68,97.43
71,DIALLO,Rokhaya,E20220033,L2,Hotellerie et Restauration,2023-03-16,225000,2023-2024,11.87,73.28
72,DIALLO,Mamadou,E20220086,L2,Comptabilité,2023-02-02,200000,2023-2024,11.4,77.45
1,SALL,Rokhaya,E20210041,L3,Douane transit,2023-02-08,125000,2023-2024,9.86,96.23
2,DIENG,Cheikh,E20210077,L3,Comptabilité Gestion,2023-11-21,200000,2023-2024,12.18,96.3
3,DIOP,Khadija,E20210009,L3,Transport Logistique,2023-02-17,150000,2023-2024,10.81,72.8
4,NDIAYE,Cheikh,E20210013,L3,Comptabilité,2023-07-26,200000,2023-2024,13.2,80.81
5,GUEYE,Aminata,E20210087,L3,Transport Logistique,2023-09-21,150000,2023-2024,12.83,72.47
6,FALL,Khadija,E20210056,L3,Comptabilité Gestion,2023-05-23,200000,2023-2024,14.59,89.94
7,GUEYE,Rokhaya,E20210085,L3,Commerce International,2023-12-22,200000,2023-2024,10.72,89.47
8,NDIAYE,Aminata,E20210043,L3,Transport Logistique,2023-07-08,150000,2023-2024,11.33,71.55
9,SENE,Rokhaya,E20210004,L3,Comptabilité Gestion,2023-08-21,200000,2023-2024,9.55,88.77
10,SENE,Omar,E20210054,L3,Comptabilité et Gestion,2023-09-07,225000,2023-2024,10.89,91.78
11,DIALLO,Rokhaya,E20210045,L3,Comptabilité et Gestion,2023-06-17,225000,2023-2024,12.94,92.66
12,NDIAYE,Khadija,E20210069,L3,Gestion des entreprises,2023-10-25,200000,2023-2024,13.89,82.88
13,FALL,Cheikh,E20210016,L3,Transport Logistique,2023-01-02,150000,2023-2024,9.69,72.74
14,SALL,Cheikh,E20210068,L3,Commerce International,2023-02-17,200000,2023-2024,14.17,72.86
15,KANE,Cheikh,E20210033,L3,Douane transit,2023-08-23,125000,2023-2024,15.39,76.4
16,DIOP,Moussa,E20210046,L3,Comptabilité,2023-11-22,200000,2023-2024,13.03,72.34
17,DIOP,Fatou,E20210047,L3,Commerce International,2023-12-07,200000,2023-2024,16.69,87.81
18,FALL,Moussa,E20210008,L3,Comptabilité et Gestion,2023-12-24,225000,2023-2024,10.07,85.58
19,DIALLO,Omar,E20210051,L3,Commerce International,2023-07-03,200000,2023-2024,8.89,83.35
20,NDIAYE,Rokhaya,E20210039,L3,Douane transit,2023-02-02,125000,2023-2024,8.0,70.24
21,SENE,Moussa,E20210034,L3,Douane transit,2023-10-01,125000,2023-2024,15.74,80.31
22,GUEYE,Moussa,E20210035,L3,Transport Logistique,2023-07-23,150000,2023-2024,13.64,73.62
23,DIENG,Aminata,E20210014,L3,Hotellerie et Restauration,2023-04-22,225000,2023-2024,11.86,95.81
24,KANE,Rokhaya,E20210032,L3,Douane transit,2023-08-08,125000,2023-2024,12.7,90.82
25,TOURE,Moussa,E20210019,L3,Hotellerie et Restauration,2023-04-19,225000,2023-2024,9.19,84.33
26,NDIAYE,Ibrahima,E20210028,L3,Commerce International,2023-09-11,200000,2023-2024,18.0,76.87
27,GUEYE,Aminata,E20210026,L3,Comptabilité et Gestion,2023-05-18,225000,2023-2024,12.32,72.68
28,GUEYE,Omar,E20210057,L3,Gestion des entreprises,2023-06-15,200000,2023-2024,12.27,94.18
29,KANE,Ibrahima,E20210018,L3,Douane transit,2023-05-26,125000,2023-2024,13.81,73.1
30,DIOP,Rokhaya,E20210074,L3,Gestion des entreprises,2023-06-22,200000,2023-2024,13.2,81.03
31,DIALLO,Khadija,E20210044,L3,Comptabilité Gestion,2023-10-08,200000,2023-2024,12.56,78.98
32,NDIAYE,Aissatou,E20210073,L3,Gestion des entreprises,2023-10-23,200000,2023-2024,10.02,81.48
33,DIOP,Khadija,E20210067,L3,Transport Logistique,2023-03-08,150000,2023-2024,13.18,94.4
34,TOURE,Khadija,E20210020,L3,Gestion des entreprises,2023-10-17,200000,2023-2024,16.71,96.23
35,GUEYE,Aminata,E20210081,L3,Commerce International,2023-09-06,200000,2023-2024,15.36,89.25
36,DIENG,Fatou,E20210007,L3,Commerce International,2023-06-25,200000,2023-2024,15.98,90.31
37,FALL,Aissatou,E20210023,L3,Douane transit,2023-12-16,125000,2023-2024,10.72,72.05
38,FALL,Omar,E20210080,L3,Commerce International,2023-01-25,200000,2023-2024,9.53,86.9
39,SENE,Aminata,E20210005,L3,Gestion des entreprises,2023-01-24,200000,2023-2024,11.69,88.31
40,GUEYE,Fatou,E20210055,L3,Transport Logistique,2023-02-20,150000,2023-2024,12.14,74.92
41,DIENG,Rokhaya,E20210011,L3,Transport Logistique,2023-11-17,150000,2023-2024,14.74,80.54
42,KANE,Rokhaya,E20210050,L3,Douane transit,2023-08-24,125000,2023-2024,8.0,76.39
43,FALL,Mamadou,E20210063,L3,Commerce International,2023-01-09,200000,2023-2024,15.82,92.45
44,FALL,Rokhaya,E20210058,L3,Commerce International,2023-03-05,200000,2023-2024,11.6,97.6
45,DIALLO,Rokhaya,E20210065,L3,Douane transit,2023-03-22,125000,2023-2024,10.93,88.48
46,FALL,Moussa,E20210040,L3,Transport Logistique,2023-08-14,150000,2023-2024,9.47,83.27
47,SENE,Cheikh,E20210048,L3,Gestion des entreprises,2023-08-22,200000,2023-2024,8.0,76.52
48,GUEYE,Aissatou,E20210006,L3,Gestion des entreprises,2023-01-01,200000,2023-2024,14.06,96.9
49,TOURE,Khadija,E20210070,L3,Comptabilité Gestion,2023-08-08,200000,2023-2024,12.18,74.2
50,DIALLO,Rokhaya,E20210010,L3,Comptabilité Gestion,2023-04-14,200000,2023-2024,8.78,73.69
51,GUEYE,Cheikh,E20210086,L3,Comptabilité et Gestion,2023-12-19,225000,2023-2024,8.76,91.9
52,DIENG,Fatou,E20210042,L3,Douane transit,2023-03-09,125000,2023-2024,11.16,80.55
53,SENE,Mamadou,E20210066,L3,Hotellerie et Restauration,2023-11-29,225000,2023-2024,16.17,82.88
54,TOURE,Moussa,E20210017,L3,Comptabilité,2023-06-04,200000,2023-2024,11.35,93.73
55,NDIAYE,Moussa,E20210049,L3,Hotellerie et Restauration,2023-03-23,225000,2023-2024,8.24,77.43
1,SENE,Omar,E20240001,L1,Gestion des entreprises,2024-11-24,200000,2024-2025,14.91,83.5
2,SENE,Rokhaya,E20240002,L1,Transport Logistique,2024-11-23,150000,2024-2025,12.03,93.03
3,GUEYE,Rokhaya,E20240003,L1,Comptabilité et Gestion,2024-01-29,225000,2024-2025,9.55,85.54
4,SENE,Aminata,E20240004,L1,Gestion des entreprises,2024-06-14,200000,2024-2025,13.16,80.38
5,NDIAYE,Khadija,E20240005,L1,Comptabilité Gestion,2024-04-10,200000,2024-2025,12.5,73.76
6,DIALLO,Mamadou,E20240006,L1,Transport Logistique,2024-09-30,150000,2024-2025,10.5,85.08
7,KANE,Mamadou,E20240007,L1,Comptabilité,2024-03-19,200000,2024-2025,12.17,89.76
8,KANE,Fatou,E20240008,L1,Hotellerie et Restauration,2024-01-15,225000,2024-2025,11.04,71.36
9,TOURE,Mamadou,E20240009,L1,Comptabilité Gestion,2024-08-01,200000,2024-2025,12.28,84.94
10,DIALLO,Cheikh,E20240010,L1,Commerce International,2024-05-05,200000,2024-2025,13.66,78.92
11,NDIAYE,Fatou,E20240011,L1,Comptabilité Gestion,2024-03-21,200000,2024-2025,15.97,82.47
12,SALL,Ibrahima,E20240012,L1,Comptabilité,2024-06-23,200000,2024-2025,8.91,79.38
13,FALL,Aissatou,E20240013,L1,Gestion des entreprises,2024-03-07,200000,2024-2025,17.33,85.45
14,NDIAYE,Omar,E20240014,L1,Comptabilité et Gestion,2024-05-03,225000,2024-2025,8.0,73.68
15,SALL,Ibrahima,E20240015,L1,Douane transit,2024-03-13,125000,2024-2025,11.62,71.52
16,KANE,Aissatou,E20240016,L1,Comptabilité et Gestion,2024-05-07,225000,2024-2025,13.47,94.4
17,TOURE,Aminata,E20240017,L1,Commerce International,2024-09-12,200000,2024-2025,12.7,84.96
18,DIALLO,Cheikh,E20240018,L1,Transport Logistique,2024-01-12,150000,2024-2025,10.44,98.36
19,TOURE,Ibrahima,E20240019,L1,Douane transit,2024-10-25,125000,2024-2025,11.48,71.46
20,DIALLO,Cheikh,E20240020,L1,Gestion des entreprises,2024-11-01,200000,2024-2025,10.77,78.57
21,DIOP,Moussa,E20240021,L1,Commerce International,2024-08-08,200000,2024-2025,10.53,96.47
22,GUEYE,Omar,E20240022,L1,Hotellerie et Restauration,2024-01-24,225000,2024-2025,14.12,71.53
23,DIENG,Ibrahima,E20240023,L1,Douane transit,2024-07-04,125000,2024-2025,12.89,72.21
24,DIENG,Cheikh,E20240024,L1,Comptabilité,2024-10-08,200000,2024-2025,10.27,94.76
25,KANE,Mamadou,E20240025,L1,Douane transit,2024-03-01,125000,2024-2025,14.25,99.25
26,FALL,Omar,E20240026,L1,Gestion des entreprises,2024-10-12,200000,2024-2025,12.77,92.65
27,TOURE,Mamadou,E20240027,L1,Gestion des entreprises,2024-09-17,200000,2024-2025,14.03,85.0
28,DIOP,Fatou,E20240028,L1,Gestion des entreprises,2024-03-11,200000,2024-2025,13.57,94.12
29,DIENG,Cheikh,E20240029,L1,Gestion des entreprises,2024-03-17,200000,2024-2025,9.93,79.84
30,SENE,Aissatou,E20240030,L1,Hotellerie et Restauration,2024-11-11,225000,2024-2025,10.6,87.81
31,DIENG,Rokhaya,E20240031,L1,Hotellerie et Restauration,2024-09-29,225000,2024-2025,13.87,91.26
32,DIALLO,Cheikh,E20240032,L1,Transport Logistique,2024-01-09,150000,2024-2025,13.53,79.94
33,NDIAYE,Aissatou,E20240033,L1,Comptabilité et Gestion,2024-10-25,225000,2024-2025,11.95,93.9
34,DIOP,Mamadou,E20240034,L1,Comptabilité Gestion,2024-08-30,200000,2024-2025,12.29,99.01
35,KANE,Mamadou,E20240035,L1,Douane transit,2024-04-26,125000,2024-2025,15.19,87.51
36,DIENG,Mamadou,E20240036,L1,Transport Logistique,2024-07-13,150000,2024-2025,10.52,94.65
37,DIOP,Mamadou,E20240037,L1,Hotellerie et Restauration,2024-12-24,225000,2024-2025,13.37,75.72
38,FALL,Aissatou,E20240038,L1,Commerce International,2024-03-18,200000,2024-2025,11.49,90.72
39,GUEYE,Rokhaya,E20240039,L1,Comptabilité Gestion,2024-11-09,200000,2024-2025,11.46,96.18
40,DIOP,Aminata,E20240040,L1,Comptabilité,2024-09-22,200000,2024-2025,14.75,86.83
41,DIENG,Aissatou,E20240041,L1,Comptabilité Gestion,2024-06-09,200000,2024-2025,14.06,83.79
42,DIENG,Omar,E20240042,L1,Comptabilité et Gestion,2024-12-12,225000,2024-2025,14.03,88.3
43,TOURE,Ibrahima,E20240043,L1,Hotellerie et Restauration,2024-05-22,225000,2024-2025,15.26,76.75
44,DIALLO,Khadija,E20240044,L1,Comptabilité,2024-12-26,200000,2024-2025,12.05,90.71
45,FALL,Cheikh,E20240045,L1,Transport Logistique,2024-06-27,150000,2024-2025,13.7,78.63
46,KANE,Rokhaya,E20240046,L1,Comptabilité,2024-07-13,200000,2024-2025,11.22,94.55
47,SENE,Khadija,E20240047,L1,Douane transit,2024-01-22,125000,2024-2025,12.81,98.66
48,NDIAYE,Omar,E20240048,L1,Hotellerie et Restauration,2024-08-14,225000,2024-2025,11.67,92.42
49,TOURE,Ibrahima,E20240049,L1,Douane transit,2024-10-02,125000,2024-2025,12.24,97.99
50,DIALLO,Aminata,E20240050,L1,Transport Logistique,2024-02-25,150000,2024-2025,13.49,77.27
51,TOURE,Fatou,E20240051,L1,Gestion des entreprises,2024-02-21,200000,2024-2025,9.95,79.91
52,SALL,Moussa,E20240052,L1,Douane transit,2024-12-14,125000,2024-2025,17.23,70.16
53,GUEYE,Cheikh,E20240053,L1,Comptabilité,2024-09-01,200000,2024-2025,9.48,92.68
54,FALL,Khadija,E20240054,L1,Hotellerie et Restauration,2024-11-26,225000,2024-2025,8.96,97.24
55,KANE,Ibrahima,E20240055,L1,Hotellerie et Restauration,2024-09-30,225000,2024-2025,14.9,97.4
56,GUEYE,Aminata,E20240056,L1,Commerce International,2024-01-19,200000,2024-2025,13.98,93.64
57,SENE,Khadija,E20240057,L1,Hotellerie et Restauration,2024-01-20,225000,2024-2025,13.56,78.95
58,FALL,Khadija,E20240058,L1,Transport Logistique,2024-08-20,150000,2024-2025,13.57,96.68
59,SENE,Rokhaya,E20240059,L1,Gestion des entreprises,2024-08-27,200000,2024-2025,11.97,75.78
60,NDIAYE,Omar,E20240060,L1,Comptabilité Gestion,2024-03-24,200000,2024-2025,9.76,89.45
61,SENE,Fatou,E20240061,L1,Transport Logistique,2024-06-21,150000,2024-2025,12.19,87.03
62,TOURE,Aminata,E20240062,L1,Comptabilité et Gestion,2024-11-08,225000,2024-2025,10.31,94.81
63,DIENG,Omar,E20240063,L1,Commerce International,2024-02-14,200000,2024-2025,14.44,90.08
64,SENE,Aminata,E20240064,L1,Transport Logistique,2024-09-01,150000,2024-2025,11.63,98.07
65,DIOP,Khadija,E20240065,L1,Gestion des entreprises,2024-07-15,200000,2024-2025,9.94,83.4
66,FALL,Khadija,E20240066,L1,Gestion des entreprises,2024-10-25,200000,2024-2025,11.2,77.85
67,TOURE,Fatou,E20240067,L1,Douane transit,2024-12-07,125000,2024-2025,13.03,83.96
68,GUEYE,Rokhaya,E20240068,L1,Comptabilité,2024-12-26,200000,2024-2025,10.59,90.71
69,DIALLO,Omar,E20240069,L1,Commerce International,2024-11-10,200000,2024-2025,9.94,76.57
70,SALL,Aminata,E20240070,L1,Comptabilité Gestion,2024-08-20,200000,2024-2025,12.61,82.48
71,DIENG,Cheikh,E20240071,L1,Transport Logistique,2024-10-02,150000,2024-2025,12.61,92.86
72,DIENG,Cheikh,E20240072,L1,Commerce International,2024-09-27,200000,2024-2025,10.73,72.34
73,KANE,Moussa,E20240073,L1,Hotellerie et Restauration,2024-02-01,225000,2024-2025,10.82,87.18
74,SENE,Omar,E20240074,L1,Comptabilité et Gestion,2024-09-23,225000,2024-2025,12.58,73.49
75,TOURE,Mamadou,E20240075,L1,Douane transit,2024-09-07,125000,2024-2025,8.38,96.97
76,DIOP,Cheikh,E20240076,L1,Comptabilité,2024-03-08,200000,2024-2025,8.48,83.7
77,DIOP,Rokhaya,E20240077,L1,Transport Logistique,2024-08-24,150000,2024-2025,10.2,91.7
78,GUEYE,Khadija,E20240078,L1,Hotellerie et Restauration,2024-01-02,225000,2024-2025,11.47,87.35
79,GUEYE,Omar,E20240079,L1,Hotellerie et Restauration,2024-12-24,225000,2024-2025,12.78,86.23
80,NDIAYE,Cheikh,E20240080,L1,Comptabilité et Gestion,2024-01-17,225000,2024-2025,15.69,82.27
81,SENE,Aissatou,E20240081,L1,Douane transit,2024-07-10,125000,2024-2025,14.14,83.46
82,GUEYE,Aissatou,E20240082,L1,Hotellerie et Restauration,2024-02-11,225000,2024-2025,11.6,89.61
83,NDIAYE,Aminata,E20240083,L1,Hotellerie et Restauration,2024-10-02,225000,2024-2025,11.95,85.87
84,TOURE,Fatou,E20240084,L1,Hotellerie et Restauration,2024-01-12,225000,2024-2025,9.49,83.89
85,DIENG,Aissatou,E20240085,L1,Gestion des entreprises,2024-09-29,200000,2024-2025,11.95,94.7
86,TOURE,Cheikh,E20240086,L1,Commerce International,2024-06-26,200000,2024-2025,11.28,78.27
87,DIOP,Aissatou,E20240087,L1,Transport Logistique,2024-11-10,150000,2024-2025,12.81,77.22
88,NDIAYE,Mamadou,E20240088,L1,Commerce International,2024-01-18,200000,2024-2025,9.93,87.93
89,DIOP,Ibrahima,E20240089,L1,Comptabilité,2024-01-23,200000,2024-2025,13.3,83.17
90,DIENG,Ibrahima,E20240090,L1,Hotellerie et Restauration,2024-01-29,225000,2024-2025,15.83,85.12
91,TOURE,Mamadou,E20240091,L1,Comptabilité et Gestion,2024-06-12,225000,2024-2025,11.73,77.11
92,SENE,Rokhaya,E20240092,L1,Transport Logistique,2024-04-23,150000,2024-2025,13.0,79.02
93,DIOP,Rokhaya,E20240093,L1,Commerce International,2024-10-29,200000,2024-2025,13.73,88.78
94,DIENG,Cheikh,E20240094,L1,Transport Logistique,2024-01-25,150000,2024-2025,11.0,98.25
95,GUEYE,Rokhaya,E20240095,L1,Hotellerie et Restauration,2024-06-12,225000,2024-2025,12.56,82.25
96,DIALLO,Aissatou,E20240096,L1,Hotellerie et Restauration,2024-04-04,225000,2024-2025,12.03,77.23
97,TOURE,Khadija,E20240097,L1,Comptabilité Gestion,2024-12-28,200000,2024-2025,12.24,94.17
98,DIENG,Aissatou,E20240098,L1,Douane transit,2024-08-01,125000,2024-2025,10.07,81.65
99,TOURE,Omar,E20240099,L1,Comptabilité,2024-11-27,200000,2024-2025,12.06,97.67
100,NDIAYE,Rokhaya,E20240100,L1,Hotellerie et Restauration,2024-04-07,225000,2024-2025,13.24,78.05
1,SALL,Omar,E20230069,L2,Transport Logistique,2024-06-08,150000,2024-2025,9.73,73.43
2,SALL,Mamadou,E20230023,L2,Commerce International,2024-06-24,200000,2024-2025,10.56,80.56
3,SENE,Cheikh,E20230073,L2,Commerce International,2024-08-21,200000,2024-2025,13.89,83.74
4,DIALLO,Ibrahima,E20230074,L2,Douane transit,2024-04-15,125000,2024-2025,13.25,75.18
5,NDIAYE,Cheikh,E20230001,L2,Hotellerie et Restauration,2024-09-23,225000,2024-2025,9.56,90.21
6,SENE,Khadija,E20230027,L2,Comptabilité,2024-09-04,200000,2024-2025,12.25,94.02
7,KANE,Mamadou,E20230041,L2,Gestion des entreprises,2024-06-27,200000,2024-2025,13.88,97.56
8,KANE,Fatou,E20230043,L2,Hotellerie et Restauration,2024-08-31,225000,2024-2025,8.0,87.71
9,GUEYE,Omar,E20230011,L2,Commerce International,2024-02-19,200000,2024-2025,13.36,90.16
10,DIENG,Fatou,E20230046,L2,Douane transit,2024-08-12,125000,2024-2025,10.34,79.4
11,SENE,Moussa,E20230085,L2,Gestion des entreprises,2024-12-22,200000,2024-2025,13.43,77.16
12,DIENG,Omar,E20230056,L2,Hotellerie et Restauration,2024-08-19,225000,2024-2025,10.09,73.51
13,FALL,Moussa,E20230082,L2,Gestion des entreprises,2024-06-12,200000,2024-2025,8.0,81.2
14,FALL,Moussa,E20230048,L2,Comptabilité Gestion,2024-02-04,200000,2024-2025,8.0,74.24
15,KANE,Rokhaya,E20230013,L2,Douane transit,2024-06-02,125000,2024-2025,12.12,81.65
16,GUEYE,Moussa,E20230005,L2,Comptabilité Gestion,2024-01-23,200000,2024-2025,12.65,87.89
17,NDIAYE,Aminata,E20230019,L2,Comptabilité et Gestion,2024-12-29,225000,2024-2025,9.74,87.24
18,DIENG,Rokhaya,E20230029,L2,Hotellerie et Restauration,2024-02-28,225000,2024-2025,13.6,82.69
19,SALL,Mamadou,E20230040,L2,Transport Logistique,2024-01-12,150000,2024-2025,8.0,84.6
20,DIALLO,Moussa,E20230067,L2,Transport Logistique,2024-06-24,150000,2024-2025,11.83,86.12
21,KANE,Mamadou,E20230016,L2,Douane transit,2024-11-27,125000,2024-2025,8.97,97.57
22,GUEYE,Aminata,E20230079,L2,Gestion des entreprises,2024-02-25,200000,2024-2025,10.37,97.92
23,NDIAYE,Rokhaya,E20230080,L2,Hotellerie et Restauration,2024-12-12,225000,2024-2025,12.12,75.2
24,FALL,Mamadou,E20230031,L2,Douane transit,2024-03-25,125000,2024-2025,9.85,75.01
25,FALL,Moussa,E20230034,L2,Transport Logistique,2024-05-04,150000,2024-2025,11.04,78.67
26,DIOP,Khadija,E20230012,L2,Hotellerie et Restauration,2024-09-21,225000,2024-2025,14.52,75.61
27,NDIAYE,Mamadou,E20230045,L2,Commerce International,2024-03-30,200000,2024-2025,10.56,95.26
28,GUEYE,Aissatou,E20230050,L2,Comptabilité,2024-10-09,200000,2024-2025,14.09,88.58
29,GUEYE,Khadija,E20230032,L2,Transport Logistique,2024-03-22,150000,2024-2025,9.18,95.97
30,DIENG,Aminata,E20230068,L2,Comptabilité,2024-06-18,200000,2024-2025,13.32,98.56
31,SENE,Rokhaya,E20230010,L2,Gestion des entreprises,2024-10-13,200000,2024-2025,15.6,84.54
32,GUEYE,Mamadou,E20230092,L2,Transport Logistique,2024-08-06,150000,2024-2025,8.0,75.85
33,GUEYE,Cheikh,E20230006,L2,Transport Logistique,2024-08-24,150000,2024-2025,10.01,81.52
34,FALL,Rokhaya,E20230091,L2,Hotellerie et Restauration,2024-04-28,225000,2024-2025,13.44,86.85
35,FALL,Ibrahima,E20230071,L2,Hotellerie et Restauration,2024-07-26,225000,2024-2025,11.49,89.59
36,TOURE,Omar,E20230036,L2,Douane transit,2024-11-18,125000,2024-2025,12.93,82.27
37,DIOP,Aminata,E20230017,L2,Gestion des entreprises,2024-04-04,200000,2024-2025,10.49,84.75
38,KANE,Rokhaya,E20230077,L2,Hotellerie et Restauration,2024-04-05,225000,2024-2025,12.22,91.3
39,DIENG,Moussa,E20230035,L2,Douane transit,2024-11-23,125000,2024-2025,11.61,83.32
40,DIALLO,Omar,E20230008,L2,Comptabilité Gestion,2024-12-02,200000,2024-2025,14.92,75.02
41,NDIAYE,Khadija,E20230054,L2,Douane transit,2024-08-09,125000,2024-2025,12.64,86.96
42,SALL,Aissatou,E20230028,L2,Comptabilité,2024-07-21,200000,2024-2025,12.84,93.88
43,GUEYE,Aissatou,E20230020,L2,Comptabilité,2024-01-15,200000,2024-2025,10.97,76.62
44,GUEYE,Fatou,E20230078,L2,Douane transit,2024-11-10,125000,2024-2025,10.78,70.98
45,GUEYE,Mamadou,E20230026,L2,Transport Logistique,2024-04-11,150000,2024-2025,10.92,76.75
46,DIENG,Omar,E20230070,L2,Transport Logistique,2024-08-18,150000,2024-2025,12.99,78.66
47,NDIAYE,Omar,E20230014,L2,Douane transit,2024-10-30,125000,2024-2025,10.95,93.42
48,KANE,Cheikh,E20230025,L2,Douane transit,2024-08-07,125000,2024-2025,12.72,86.97
49,KANE,Rokhaya,E20230004,L2,Comptabilité et Gestion,2024-07-18,225000,2024-2025,17.19,93.18
50,FALL,Fatou,E20230018,L2,Gestion des entreprises,2024-01-03,200000,2024-2025,14.18,84.86
51,KANE,Aminata,E20230039,L2,Comptabilité Gestion,2024-12-26,200000,2024-2025,11.18,85.32
52,NDIAYE,Moussa,E20230009,L2,Gestion des entreprises,2024-04-19,200000,2024-2025,15.0,87.18
53,TOURE,Fatou,E20230086,L2,Comptabilité,2024-04-15,200000,2024-2025,10.98,78.04
54,SALL,Aissatou,E20230007,L2,Gestion des entreprises,2024-05-22,200000,2024-2025,8.0,86.29
55,TOURE,Omar,E20230063,L2,Comptabilité et Gestion,2024-12-26,225000,2024-2025,9.48,99.73
56,DIENG,Rokhaya,E20230037,L2,Commerce International,2024-02-02,200000,2024-2025,8.0,86.26
57,SENE,Cheikh,E20230084,L2,Commerce International,2024-10-22,200000,2024-2025,11.12,92.7
58,TOURE,Omar,E20230057,L2,Transport Logistique,2024-02-22,150000,2024-2025,12.05,92.8
59,DIOP,Omar,E20230095,L2,Comptabilité et Gestion,2024-10-01,225000,2024-2025,16.19,83.24
60,FALL,Aminata,E20230055,L2,Hotellerie et Restauration,2024-04-05,225000,2024-2025,12.82,76.56
61,DIOP,Fatou,E20230044,L2,Transport Logistique,2024-07-06,150000,2024-2025,11.45,82.75
62,NDIAYE,Omar,E20230051,L2,Gestion des entreprises,2024-06-15,200000,2024-2025,14.07,92.08
63,TOURE,Mamadou,E20230065,L2,Commerce International,2024-04-10,200000,2024-2025,8.0,89.61
64,DIENG,Aminata,E20230047,L2,Commerce International,2024-08-22,200000,2024-2025,12.59,77.43
65,SALL,Omar,E20230066,L2,Hotellerie et Restauration,2024-02-28,225000,2024-2025,13.93,96.24
66,SALL,Ibrahima,E20230062,L2,Transport Logistique,2024-05-14,150000,2024-2025,8.3,70.97
67,KANE,Aissatou,E20230094,L2,Comptabilité,2024-12-09,200000,2024-2025,14.86,77.88
68,KANE,Cheikh,E20230076,L2,Hotellerie et Restauration,2024-09-07,225000,2024-2025,12.85,95.87
69,NDIAYE,Cheikh,E20230042,L2,Comptabilité,2024-09-27,200000,2024-2025,10.96,72.61
70,FALL,Mamadou,E20230059,L2,Hotellerie et Restauration,2024-11-23,225000,2024-2025,13.58,95.96
71,SALL,Rokhaya,E20230049,L2,Transport Logistique,2024-06-09,150000,2024-2025,17.68,73.52
72,FALL,Aissatou,E20230089,L2,Transport Logistique,2024-11-01,150000,2024-2025,12.45,94.36
73,SENE,Moussa,E20230058,L2,Gestion des entreprises,2024-07-17,200000,2024-2025,12.62,76.3
74,FALL,Aminata,E20230033,L2,Comptabilité Gestion,2024-11-08,200000,2024-2025,10.85,92.13
75,GUEYE,Omar,E20230090,L2,Hotellerie et Restauration,2024-07-19,225000,2024-2025,9.88,90.67
76,SENE,Mamadou,E20230060,L2,Commerce International,2024-10-27,200000,2024-2025,14.08,95.83
1,KANE,Rokhaya,E20220001,L3,Transport Logistique,2024-01-08,150000,2024-2025,11.39,74.12
2,DIALLO,Aissatou,E20220089,L3,Transport Logistique,2024-05-14,150000,2024-2025,11.32,70.34
3,TOURE,Cheikh,E20220050,L3,Commerce International,2024-04-20,200000,2024-2025,8.0,84.89
4,DIENG,Fatou,E20220041,L3,Douane transit,2024-01-21,125000,2024-2025,11.86,80.4
5,SALL,Moussa,E20220032,L3,Hotellerie et Restauration,2024-01-31,225000,2024-2025,11.42,85.52
6,SALL,Cheikh,E20220009,L3,Comptabilité et Gestion,2024-07-22,225000,2024-2025,13.74,94.68
7,DIALLO,Cheikh,E20220082,L3,Hotellerie et Restauration,2024-09-16,225000,2024-2025,16.62,77.78
8,SALL,Moussa,E20220048,L3,Douane transit,2024-05-26,125000,2024-2025,14.82,81.16
9,DIOP,Omar,E20220057,L3,Commerce International,2024-11-17,200000,2024-2025,11.33,92.49
10,SALL,Khadija,E20220037,L3,Gestion des entreprises,2024-12-30,200000,2024-2025,9.23,96.2
11,GUEYE,Omar,E20220004,L3,Comptabilité et Gestion,2024-09-13,225000,2024-2025,18.0,91.99
12,KANE,Ibrahima,E20220069,L3,Commerce International,2024-07-31,200000,2024-2025,12.15,73.54
13,DIALLO,Cheikh,E20220045,L3,Comptabilité,2024-08-04,200000,2024-2025,12.03,97.0
14,DIALLO,Mamadou,E20220014,L3,Hotellerie et Restauration,2024-12-25,225000,2024-2025,11.94,80.05
15,DIENG,Moussa,E20220027,L3,Transport Logistique,2024-07-24,150000,2024-2025,12.5,82.88
16,DIALLO,Ibrahima,E20220077,L3,Gestion des entreprises,2024-02-12,200000,2024-2025,11.64,85.72
17,DIALLO,Cheikh,E20220090,L3,Comptabilité Gestion,2024-11-23,200000,2024-2025,10.57,77.89
18,FALL,Moussa,E20220039,L3,Comptabilité Gestion,2024-10-01,200000,2024-2025,10.63,99.25
19,GUEYE,Fatou,E20220043,L3,Transport Logistique,2024-10-02,150000,2024-2025,11.92,88.83
20,DIALLO,Cheikh,E20220079,L3,Gestion des entreprises,2024-11-11,200000,2024-2025,10.64,84.88
21,NDIAYE,Khadija,E20220051,L3,Comptabilité,2024-03-19,200000,2024-2025,10.22,85.32
22,SALL,Omar,E20220019,L3,Gestion des entreprises,2024-05-22,200000,2024-2025,12.27,71.66
23,DIOP,Rokhaya,E20220017,L3,Comptabilité,2024-02-12,200000,2024-2025,11.36,95.78
24,SALL,Rokhaya,E20220054,L3,Gestion des entreprises,2024-06-07,200000,2024-2025,15.76,75.01
25,SENE,Cheikh,E20220058,L3,Douane transit,2024-02-10,125000,2024-2025,8.0,74.72
26,DIOP,Omar,E20220066,L3,Gestion des entreprises,2024-09-18,200000,2024-2025,14.73,93.2
27,SENE,Rokhaya,E20220081,L3,Douane transit,2024-04-14,125000,2024-2025,15.12,96.83
28,DIENG,Moussa,E20220085,L3,Douane transit,2024-03-20,125000,2024-2025,8.0,90.22
29,TOURE,Khadija,E20220010,L3,Gestion des entreprises,2024-10-01,200000,2024-2025,11.14,73.46
30,KANE,Fatou,E20220025,L3,Comptabilité et Gestion,2024-06-16,225000,2024-2025,11.07,92.22
31,DIALLO,Mamadou,E20220086,L3,Comptabilité,2024-07-19,200000,2024-2025,8.48,70.08
32,SALL,Rokhaya,E20220063,L3,Douane transit,2024-10-27,125000,2024-2025,10.06,95.76
33,SALL,Cheikh,E20220044,L3,Hotellerie et Restauration,2024-11-20,225000,2024-2025,9.22,70.37
34,SALL,Khadija,E20220012,L3,Comptabilité,2024-11-28,200000,2024-2025,16.38,71.38
35,DIALLO,Fatou,E20220028,L3,Hotellerie et Restauration,2024-12-14,225000,2024-2025,14.34,80.92
36,TOURE,Cheikh,E20220087,L3,Gestion des entreprises,2024-11-25,200000,2024-2025,15.18,97.61
37,SALL,Khadija,E20220073,L3,Comptabilité et Gestion,2024-02-03,225000,2024-2025,13.8,75.37
38,DIALLO,Rokhaya,E20220071,L3,Douane transit,2024-06-07,125000,2024-2025,9.18,98.81
39,SALL,Moussa,E20220029,L3,Comptabilité Gestion,2024-12-23,200000,2024-2025,10.69,71.06
40,DIENG,Ibrahima,E20220008,L3,Comptabilité,2024-08-11,200000,2024-2025,13.22,94.09
41,DIENG,Omar,E20220011,L3,Hotellerie et Restauration,2024-05-02,225000,2024-2025,8.94,91.42
42,DIENG,Aissatou,E20220055,L3,Transport Logistique,2024-01-30,150000,2024-2025,13.78,89.67
43,SALL,Khadija,E20220040,L3,Commerce International,2024-05-05,200000,2024-2025,11.4,76.74
44,KANE,Ibrahima,E20220046,L3,Douane transit,2024-02-14,125000,2024-2025,11.06,77.45
45,NDIAYE,Cheikh,E20220059,L3,Gestion des entreprises,2024-08-10,200000,2024-2025,13.78,97.48
46,SALL,Aminata,E20220065,L3,Gestion des entreprises,2024-02-29,200000,2024-2025,13.11,79.6
47,DIALLO,Rokhaya,E20220033,L3,Hotellerie et Restauration,2024-08-20,225000,2024-2025,11.1,94.78
48,SENE,Cheikh,E20220005,L3,Hotellerie et Restauration,2024-11-09,225000,2024-2025,14.9,87.15
49,SENE,Aminata,E20220068,L3,Commerce International,2024-11-07,200000,2024-2025,9.3,73.58
50,NDIAYE,Moussa,E20220020,L3,Comptabilité,2024-01-29,200000,2024-2025,13.54,90.2
51,GUEYE,Aminata,E20220067,L3,Commerce International,2024-06-07,200000,2024-2025,13.48,71.58
52,NDIAYE,Fatou,E20220018,L3,Comptabilité Gestion,2024-12-07,200000,2024-2025,11.23,76.7
53,KANE,Fatou,E20220034,L3,Commerce International,2024-12-02,200000,2024-2025,12.82,85.47
54,FALL,Rokhaya,E20220062,L3,Commerce International,2024-03-30,200000,2024-2025,8.87,71.38
55,NDIAYE,Aissatou,E20220042,L3,Comptabilité et Gestion,2024-03-02,225000,2024-2025,14.31,82.03
56,KANE,Fatou,E20220036,L3,Comptabilité Gestion,2024-01-07,200000,2024-2025,11.54,96.31
57,FALL,Khadija,E20220006,L3,Hotellerie et Restauration,2024-12-28,225000,2024-2025,10.69,95.98
